3b8955547d4cafb5b430020be62b1b,delicate-long-pond-wave
0385a9d8be68e2d7f0e23f88e222b2,wispy-solitary-thunder-hill
7935009e89751ab644b4eab5b72677,twilight-wandering-moon-star
136b11e7d3756227317147c746f37a,twilight-lingering-rain-bush
0ed6aa64808f8ea2b3fd077539061d,weathered-young-shape-glitter
89874ab1052529a90abb671a3e4fbb,ancient-throbbing-moon-water
ce6ad399ab800babb2f060b8a04a00,spring-floral-thunder-violet
63cbcac8b8bd1776ce373ae8489f73,small-lively-thunder-glitter
98b48b1eb4d41bac229b3ef7667cc9,late-twilight-rain-sound
f87f90794fc9c85e08aaad512600ca,old-bitter-mountain-voice
63bb7fb8389b1e04836f406d10c97f,lively-lingering-bush-fog
6f6e2443a6dc584dc5c1fa7833cc11,green-purple-mountain-rain
a1e3d8282b699601fe8c4fcce6185f,wild-summer-moon-sky
adf4e79ed61d5fa242f62828c1ec36,matthias
